id_db,id,Directionality,Departure,Arrival,Duration,DestinationStation,OriginStation,FlightNumber,CarrierId
1,16692-1611101155-AK-1-11109-1611102325,Outbound,2016-11-10T11:55:00,2016-11-10T23:25:00,870,11109,16692,223,843
2,16692-1611101155-AK-1-11109-1611102325,Outbound,2016-11-10T11:55:00,2016-11-10T23:25:00,870,11109,16692,555,843
3,16692-1611101155-AK-1-11109-1611102200,Outbound,2016-11-10T11:55:00,2016-11-10T22:00:00,785,11109,16692,223,843
4,16692-1611101155-AK-1-11109-1611102200,Outbound,2016-11-10T11:55:00,2016-11-10T22:00:00,785,11109,16692,557,843
5,16692-1611101730-JQ-0-11109-1611102055,Outbound,2016-11-10T17:30:00,2016-11-10T20:55:00,385,11109,16692,37,1281
6,16692-1611102140-AK-1-11109-1611112125,Outbound,2016-11-10T21:40:00,2016-11-11T21:25:00,1605,11109,16692,221,843
7,16692-1611102140-AK-1-11109-1611112125,Outbound,2016-11-10T21:40:00,2016-11-11T21:25:00,1605,11109,16692,374,843
8,16692-1611100800-V1-1-11109-1611101425,Outbound,2016-11-10T08:00:00,2016-11-10T14:25:00,565,11109,16692,917,1825
9,16692-1611100800-V1-1-11109-1611101425,Outbound,2016-11-10T08:00:00,2016-11-10T14:25:00,565,11109,16692,41,1825
10,16692-1611101600-V1-1-11109-1611102215,Outbound,2016-11-10T16:00:00,2016-11-10T22:15:00,555,11109,16692,957,1825
11,16692-1611101600-V1-1-11109-1611102215,Outbound,2016-11-10T16:00:00,2016-11-10T22:15:00,555,11109,16692,43,1825
12,16692-1611102140-AK-1-11109-1611111920,Outbound,2016-11-10T21:40:00,2016-11-11T19:20:00,1480,11109,16692,221,843
13,16692-1611102140-AK-1-11109-1611111920,Outbound,2016-11-10T21:40:00,2016-11-11T19:20:00,1480,11109,16692,378,843
14,16692-1611101120-V1-0-11109-1611101455,Outbound,2016-11-10T11:20:00,2016-11-10T14:55:00,395,11109,16692,65,1825
15,16692-1611100630-V1-1-11109-1611101425,Outbound,2016-11-10T06:30:00,2016-11-10T14:25:00,655,11109,16692,41,1825
16,16692-1611100630-V1-1-11109-1611101425,Outbound,2016-11-10T06:30:00,2016-11-10T14:25:00,655,11109,16692,905,1825
17,16692-1611100700-V1-1-11109-1611101425,Outbound,2016-11-10T07:00:00,2016-11-10T14:25:00,625,11109,16692,41,1825
18,16692-1611100700-V1-1-11109-1611101425,Outbound,2016-11-10T07:00:00,2016-11-10T14:25:00,625,11109,16692,909,1825
19,16692-1611100730-V1-1-11109-1611101425,Outbound,2016-11-10T07:30:00,2016-11-10T14:25:00,595,11109,16692,41,1825
20,16692-1611100730-V1-1-11109-1611101425,Outbound,2016-11-10T07:30:00,2016-11-10T14:25:00,595,11109,16692,913,1825
21,16692-1611101300-V1-1-11109-1611102215,Outbound,2016-11-10T13:00:00,2016-11-10T22:15:00,735,11109,16692,43,1825
22,16692-1611101300-V1-1-11109-1611102215,Outbound,2016-11-10T13:00:00,2016-11-10T22:15:00,735,11109,16692,943,1825
23,16692-1611101330-V1-1-11109-1611102215,Outbound,2016-11-10T13:30:00,2016-11-10T22:15:00,705,11109,16692,43,1825
24,16692-1611101330-V1-1-11109-1611102215,Outbound,2016-11-10T13:30:00,2016-11-10T22:15:00,705,11109,16692,945,1825
25,16692-1611101400-V1-1-11109-1611102215,Outbound,2016-11-10T14:00:00,2016-11-10T22:15:00,675,11109,16692,43,1825
26,16692-1611101400-V1-1-11109-1611102215,Outbound,2016-11-10T14:00:00,2016-11-10T22:15:00,675,11109,16692,947,1825
27,16692-1611101500-V1-1-11109-1611102215,Outbound,2016-11-10T15:00:00,2016-11-10T22:15:00,615,11109,16692,43,1825
28,16692-1611101500-V1-1-11109-1611102215,Outbound,2016-11-10T15:00:00,2016-11-10T22:15:00,615,11109,16692,951,1825
29,16692-1611102215-MH-1-11109-1611111525,Outbound,2016-11-10T22:15:00,2016-11-11T15:25:00,1210,11109,16692,140,1416
30,16692-1611102215-MH-1-11109-1611111525,Outbound,2016-11-10T22:15:00,2016-11-11T15:25:00,1210,11109,16692,851,1416
31,16692-1611100605-JQ-1-11109-1611101255,Outbound,2016-11-10T06:05:00,2016-11-10T12:55:00,590,11109,16692,501,1281
32,16692-1611100605-JQ-1-11109-1611101255,Outbound,2016-11-10T06:05:00,2016-11-10T12:55:00,590,11109,16692,43,1281
33,16692-1611101000-GA-0-11109-1611101330,Outbound,2016-11-10T10:00:00,2016-11-10T13:30:00,390,11109,16692,715,1121
34,16692-1611101200-V1-2-11109-1611102215,Outbound,2016-11-10T12:00:00,2016-11-10T22:15:00,795,11109,16692,43,1825
35,16692-1611101200-V1-2-11109-1611102215,Outbound,2016-11-10T12:00:00,2016-11-10T22:15:00,795,11109,16692,838,1825
36,16692-1611101200-V1-2-11109-1611102215,Outbound,2016-11-10T12:00:00,2016-11-10T22:15:00,795,11109,16692,333,1825
37,16692-1611102215-MH-1-11109-1611111205,Outbound,2016-11-10T22:15:00,2016-11-11T12:05:00,1010,11109,16692,140,1416
38,16692-1611102215-MH-1-11109-1611111205,Outbound,2016-11-10T22:15:00,2016-11-11T12:05:00,1010,11109,16692,715,1416
39,16692-1611102140-AK-1-11109-1611111230,Outbound,2016-11-10T21:40:00,2016-11-11T12:30:00,1070,11109,16692,221,843
40,16692-1611102140-AK-1-11109-1611111230,Outbound,2016-11-10T21:40:00,2016-11-11T12:30:00,1070,11109,16692,551,843
41,16692-1611102140-AK-1-11109-1611111325,Outbound,2016-11-10T21:40:00,2016-11-11T13:25:00,1125,11109,16692,221,843
42,16692-1611102140-AK-1-11109-1611111325,Outbound,2016-11-10T21:40:00,2016-11-11T13:25:00,1125,11109,16692,376,843
43,16692-1611101910-SQ-1-11109-1611111205,Outbound,2016-11-10T19:10:00,2016-11-11T12:05:00,1195,11109,16692,242,1713
44,16692-1611101910-SQ-1-11109-1611111205,Outbound,2016-11-10T19:10:00,2016-11-11T12:05:00,1195,11109,16692,942,1713
45,16692-1611100655-JQ-1-11109-1611102120,Outbound,2016-11-10T06:55:00,2016-11-10T21:20:00,1045,11109,16692,762,1281
46,16692-1611100655-JQ-1-11109-1611102120,Outbound,2016-11-10T06:55:00,2016-11-10T21:20:00,1045,11109,16692,127,1281
47,"16692-1611101530-QF,JQ-1-11109-1611102145",Outbound,2016-11-10T15:30:00,2016-11-10T21:45:00,555,11109,16692,538,1606
48,"16692-1611101530-QF,JQ-1-11109-1611102145",Outbound,2016-11-10T15:30:00,2016-11-10T21:45:00,555,11109,16692,57,1281
49,"16692-1611101910-SQ,MI-1-11109-1611111205",Outbound,2016-11-10T19:10:00,2016-11-11T12:05:00,1195,11109,16692,242,1713
50,"16692-1611101910-SQ,MI-1-11109-1611111205",Outbound,2016-11-10T19:10:00,2016-11-11T12:05:00,1195,11109,16692,5832,1417
51,16692-1611101000-GA-0-11109-1611101315,Outbound,2016-11-10T10:00:00,2016-11-10T13:15:00,375,11109,16692,715,1121
52,16692-1611100700-V1-2-11109-1611101910,Outbound,2016-11-10T07:00:00,2016-11-10T19:10:00,910,11109,16692,909,1825
53,16692-1611100700-V1-2-11109-1611101910,Outbound,2016-11-10T07:00:00,2016-11-10T19:10:00,910,11109,16692,5668,1825
54,16692-1611100700-V1-2-11109-1611101910,Outbound,2016-11-10T07:00:00,2016-11-10T19:10:00,910,11109,16692,5616,1825
55,16692-1611101910-V1-1-11109-1611111205,Outbound,2016-11-10T19:10:00,2016-11-11T12:05:00,1195,11109,16692,5514,1825
56,16692-1611101910-V1-1-11109-1611111205,Outbound,2016-11-10T19:10:00,2016-11-11T12:05:00,1195,11109,16692,5614,1825
57,16692-1611101215-SQ-1-11109-1611111205,Outbound,2016-11-10T12:15:00,2016-11-11T12:05:00,1610,11109,16692,942,1713
58,16692-1611101215-SQ-1-11109-1611111205,Outbound,2016-11-10T12:15:00,2016-11-11T12:05:00,1610,11109,16692,232,1713
59,16692-1611101055-JQ-1-11109-1611102145,Outbound,2016-11-10T10:55:00,2016-11-10T21:45:00,830,11109,16692,57,1281
60,16692-1611101055-JQ-1-11109-1611102145,Outbound,2016-11-10T10:55:00,2016-11-10T21:45:00,830,11109,16692,816,1281
61,16692-1611101000-V1-2-11109-1611102215,Outbound,2016-11-10T10:00:00,2016-11-10T22:15:00,915,11109,16692,43,1825
62,16692-1611101000-V1-2-11109-1611102215,Outbound,2016-11-10T10:00:00,2016-11-10T22:15:00,915,11109,16692,333,1825
63,16692-1611101000-V1-2-11109-1611102215,Outbound,2016-11-10T10:00:00,2016-11-10T22:15:00,915,11109,16692,830,1825
64,16692-1611100905-V1-1-11109-1611101910,Outbound,2016-11-10T09:05:00,2016-11-10T19:10:00,785,11109,16692,5616,1825
65,16692-1611100905-V1-1-11109-1611101910,Outbound,2016-11-10T09:05:00,2016-11-10T19:10:00,785,11109,16692,5508,1825
66,"16692-1611101715-EK,JQ-1-11109-1611110800",Outbound,2016-11-10T17:15:00,2016-11-11T08:00:00,1065,11109,16692,5005,1035
67,"16692-1611101715-EK,JQ-1-11109-1611110800",Outbound,2016-11-10T17:15:00,2016-11-11T08:00:00,1065,11109,16692,117,1281
68,"16692-1611100700-QF,JQ-1-11109-1611102120",Outbound,2016-11-10T07:00:00,2016-11-10T21:20:00,1040,11109,16692,127,1281
69,"16692-1611100700-QF,JQ-1-11109-1611102120",Outbound,2016-11-10T07:00:00,2016-11-10T21:20:00,1040,11109,16692,735,1606
70,16692-1611101100-V1-2-11109-1611102215,Outbound,2016-11-10T11:00:00,2016-11-10T22:15:00,855,11109,16692,43,1825
71,16692-1611101100-V1-2-11109-1611102215,Outbound,2016-11-10T11:00:00,2016-11-10T22:15:00,855,11109,16692,333,1825
72,16692-1611101100-V1-2-11109-1611102215,Outbound,2016-11-10T11:00:00,2016-11-10T22:15:00,855,11109,16692,834,1825
73,16692-1611100645-V1-2-11109-1611101910,Outbound,2016-11-10T06:45:00,2016-11-10T19:10:00,925,11109,16692,5616,1825
74,16692-1611100645-V1-2-11109-1611101910,Outbound,2016-11-10T06:45:00,2016-11-10T19:10:00,925,11109,16692,402,1825
75,16692-1611100645-V1-2-11109-1611101910,Outbound,2016-11-10T06:45:00,2016-11-10T19:10:00,925,11109,16692,5522,1825
76,16692-1611100630-V1-2-11109-1611101910,Outbound,2016-11-10T06:30:00,2016-11-10T19:10:00,940,11109,16692,905,1825
77,16692-1611100630-V1-2-11109-1611101910,Outbound,2016-11-10T06:30:00,2016-11-10T19:10:00,940,11109,16692,5668,1825
78,16692-1611100630-V1-2-11109-1611101910,Outbound,2016-11-10T06:30:00,2016-11-10T19:10:00,940,11109,16692,5616,1825
79,16692-1611102030-V1-2-11109-1611111205,Outbound,2016-11-10T20:30:00,2016-11-11T12:05:00,1115,11109,16692,5614,1825
80,16692-1611102030-V1-2-11109-1611111205,Outbound,2016-11-10T20:30:00,2016-11-11T12:05:00,1115,11109,16692,993,1825
81,16692-1611102030-V1-2-11109-1611111205,Outbound,2016-11-10T20:30:00,2016-11-11T12:05:00,1115,11109,16692,5666,1825
82,16692-1611102100-V1-2-11109-1611111205,Outbound,2016-11-10T21:00:00,2016-11-11T12:05:00,1085,11109,16692,5614,1825
83,16692-1611102100-V1-2-11109-1611111205,Outbound,2016-11-10T21:00:00,2016-11-11T12:05:00,1085,11109,16692,5666,1825
84,16692-1611102100-V1-2-11109-1611111205,Outbound,2016-11-10T21:00:00,2016-11-11T12:05:00,1085,11109,16692,997,1825
85,16692-1611102200-V1-2-11109-1611111205,Outbound,2016-11-10T22:00:00,2016-11-11T12:05:00,1025,11109,16692,5614,1825
86,16692-1611102200-V1-2-11109-1611111205,Outbound,2016-11-10T22:00:00,2016-11-11T12:05:00,1025,11109,16692,898,1825
87,16692-1611102200-V1-2-11109-1611111205,Outbound,2016-11-10T22:00:00,2016-11-11T12:05:00,1025,11109,16692,5516,1825
88,16692-1611100905-SQ-1-11109-1611101910,Outbound,2016-11-10T09:05:00,2016-11-10T19:10:00,785,11109,16692,212,1713
89,16692-1611100905-SQ-1-11109-1611101910,Outbound,2016-11-10T09:05:00,2016-11-10T19:10:00,785,11109,16692,946,1713
90,16692-1611101140-JQ-1-11109-1611110020,Outbound,2016-11-10T11:40:00,2016-11-11T00:20:00,940,11109,16692,954,1281
91,16692-1611101140-JQ-1-11109-1611110020,Outbound,2016-11-10T11:40:00,2016-11-11T00:20:00,940,11109,16692,90,1281
92,16692-1611101130-MU-2-11109-1611120050,Outbound,2016-11-10T11:30:00,2016-11-12T00:50:00,2420,11109,16692,728,1429
93,16692-1611101130-MU-2-11109-1611120050,Outbound,2016-11-10T11:30:00,2016-11-12T00:50:00,2420,11109,16692,6150,1429
94,16692-1611101130-MU-2-11109-1611120050,Outbound,2016-11-10T11:30:00,2016-11-12T00:50:00,2420,11109,16692,5029,1429
95,16692-1611101715-QF-1-11109-1611110800,Outbound,2016-11-10T17:15:00,2016-11-11T08:00:00,1065,11109,16692,5,1606
96,16692-1611101715-QF-1-11109-1611110800,Outbound,2016-11-10T17:15:00,2016-11-11T08:00:00,1065,11109,16692,276,1606
97,"16692-1611100905-SQ,MI-1-11109-1611101910",Outbound,2016-11-10T09:05:00,2016-11-10T19:10:00,785,11109,16692,212,1713
98,"16692-1611100905-SQ,MI-1-11109-1611101910",Outbound,2016-11-10T09:05:00,2016-11-10T19:10:00,785,11109,16692,5846,1417
99,16692-1611101610-SQ-1-11109-1611111205,Outbound,2016-11-10T16:10:00,2016-11-11T12:05:00,1375,11109,16692,942,1713
100,16692-1611101610-SQ-1-11109-1611111205,Outbound,2016-11-10T16:10:00,2016-11-11T12:05:00,1375,11109,16692,222,1713
101,16692-1611101000-TG-1-11109-1611111415,Outbound,2016-11-10T10:00:00,2016-11-11T14:15:00,1875,11109,16692,476,1751
102,16692-1611101000-TG-1-11109-1611111415,Outbound,2016-11-10T10:00:00,2016-11-11T14:15:00,1875,11109,16692,431,1751
103,16692-1611101910-SQ-1-11109-1611110935,Outbound,2016-11-10T19:10:00,2016-11-11T09:35:00,1045,11109,16692,242,1713
104,16692-1611101910-SQ-1-11109-1611110935,Outbound,2016-11-10T19:10:00,2016-11-11T09:35:00,1045,11109,16692,5276,1713
105,16692-1611101215-SQ-1-11109-1611111105,Outbound,2016-11-10T12:15:00,2016-11-11T11:05:00,1550,11109,16692,232,1713
106,16692-1611101215-SQ-1-11109-1611111105,Outbound,2016-11-10T12:15:00,2016-11-11T11:05:00,1550,11109,16692,938,1713
107,16692-1611101910-SQ-1-11109-1611111105,Outbound,2016-11-10T19:10:00,2016-11-11T11:05:00,1135,11109,16692,242,1713
108,16692-1611101910-SQ-1-11109-1611111105,Outbound,2016-11-10T19:10:00,2016-11-11T11:05:00,1135,11109,16692,938,1713
109,16692-1611102215-CZ-1-11109-1611112359,Outbound,2016-11-10T22:15:00,2016-11-11T23:59:00,1724,11109,16692,302,954
110,16692-1611102215-CZ-1-11109-1611112359,Outbound,2016-11-10T22:15:00,2016-11-11T23:59:00,1724,11109,16692,3005,954
111,16692-1611101610-SQ-1-11109-1611111105,Outbound,2016-11-10T16:10:00,2016-11-11T11:05:00,1315,11109,16692,222,1713
112,16692-1611101610-SQ-1-11109-1611111105,Outbound,2016-11-10T16:10:00,2016-11-11T11:05:00,1315,11109,16692,938,1713
113,"16692-1611101910-SQ,MI-1-11109-1611110935",Outbound,2016-11-10T19:10:00,2016-11-11T09:35:00,1045,11109,16692,242,1713
114,"16692-1611101910-SQ,MI-1-11109-1611110935",Outbound,2016-11-10T19:10:00,2016-11-11T09:35:00,1045,11109,16692,176,1417
115,16692-1611102210-CI-1-11109-1611111435,Outbound,2016-11-10T22:10:00,2016-11-11T14:35:00,1165,11109,16692,52,937
116,16692-1611102210-CI-1-11109-1611111435,Outbound,2016-11-10T22:10:00,2016-11-11T14:35:00,1165,11109,16692,771,937
117,16692-1611101550-CX-1-11109-1611111455,Outbound,2016-11-10T15:50:00,2016-11-11T14:55:00,1565,11109,16692,100,952
118,16692-1611101550-CX-1-11109-1611111455,Outbound,2016-11-10T15:50:00,2016-11-11T14:55:00,1565,11109,16692,785,952
119,16692-1611101125-CZ-1-11109-1611102359,Outbound,2016-11-10T11:25:00,2016-11-10T23:59:00,934,11109,16692,326,954
120,16692-1611101125-CZ-1-11109-1611102359,Outbound,2016-11-10T11:25:00,2016-11-10T23:59:00,934,11109,16692,3005,954
121,"16692-1611100700-JQ,EK-2-11109-1611110800",Outbound,2016-11-10T07:00:00,2016-11-11T08:00:00,1680,11109,16692,503,1281
122,"16692-1611100700-JQ,EK-2-11109-1611110800",Outbound,2016-11-10T07:00:00,2016-11-11T08:00:00,1680,11109,16692,405,1035
123,"16692-1611100700-JQ,EK-2-11109-1611110800",Outbound,2016-11-10T07:00:00,2016-11-11T08:00:00,1680,11109,16692,7595,1035
124,16692-1611101200-MU-1-11109-1611120050,Outbound,2016-11-10T12:00:00,2016-11-12T00:50:00,2390,11109,16692,5029,1429
125,16692-1611101200-MU-1-11109-1611120050,Outbound,2016-11-10T12:00:00,2016-11-12T00:50:00,2390,11109,16692,562,1429
126,"16692-1611101350-JQ,EK-2-11109-1611110800",Outbound,2016-11-10T13:50:00,2016-11-11T08:00:00,1270,11109,16692,405,1035
127,"16692-1611101350-JQ,EK-2-11109-1611110800",Outbound,2016-11-10T13:50:00,2016-11-11T08:00:00,1270,11109,16692,7595,1035
128,"16692-1611101350-JQ,EK-2-11109-1611110800",Outbound,2016-11-10T13:50:00,2016-11-11T08:00:00,1270,11109,16692,515,1281
129,"16692-1611102035-QF,SQ-2-11109-1611111910",Outbound,2016-11-10T20:35:00,2016-11-11T19:10:00,1535,11109,16692,785,1606
130,"16692-1611102035-QF,SQ-2-11109-1611111910",Outbound,2016-11-10T20:35:00,2016-11-11T19:10:00,1535,11109,16692,278,1713
131,"16692-1611102035-QF,SQ-2-11109-1611111910",Outbound,2016-11-10T20:35:00,2016-11-11T19:10:00,1535,11109,16692,946,1713
132,"16692-1611100600-QF,GA-1-11109-1611101210",Outbound,2016-11-10T06:00:00,2016-11-10T12:10:00,550,11109,16692,401,1606
133,"16692-1611100600-QF,GA-1-11109-1611101210",Outbound,2016-11-10T06:00:00,2016-11-10T12:10:00,550,11109,16692,719,1121
134,"16692-1611100605-JQ,CZ-2-11109-1611102359",Outbound,2016-11-10T06:05:00,2016-11-10T23:59:00,1254,11109,16692,3005,954
135,"16692-1611100605-JQ,CZ-2-11109-1611102359",Outbound,2016-11-10T06:05:00,2016-11-10T23:59:00,1254,11109,16692,810,1281
136,"16692-1611100605-JQ,CZ-2-11109-1611102359",Outbound,2016-11-10T06:05:00,2016-11-10T23:59:00,1254,11109,16692,382,954
137,"16692-1611100630-QF,CZ-2-11109-1611102359",Outbound,2016-11-10T06:30:00,2016-11-10T23:59:00,1229,11109,16692,3005,954
138,"16692-1611100630-QF,CZ-2-11109-1611102359",Outbound,2016-11-10T06:30:00,2016-11-10T23:59:00,1229,11109,16692,382,954
139,"16692-1611100630-QF,CZ-2-11109-1611102359",Outbound,2016-11-10T06:30:00,2016-11-10T23:59:00,1229,11109,16692,502,1606
140,16692-1611102220-CX-1-11109-1611111455,Outbound,2016-11-10T22:20:00,2016-11-11T14:55:00,1175,11109,16692,785,952
141,16692-1611102220-CX-1-11109-1611111455,Outbound,2016-11-10T22:20:00,2016-11-11T14:55:00,1175,11109,16692,138,952
142,"16692-1611102040-CA,MU-1-11109-1611120050",Outbound,2016-11-10T20:40:00,2016-11-12T00:50:00,1870,11109,16692,174,929
143,"16692-1611102040-CA,MU-1-11109-1611120050",Outbound,2016-11-10T20:40:00,2016-11-12T00:50:00,1870,11109,16692,781,1429
144,16692-1611100840-CX-1-11109-1611111455,Outbound,2016-11-10T08:40:00,2016-11-11T14:55:00,1995,11109,16692,785,952
145,16692-1611100840-CX-1-11109-1611111455,Outbound,2016-11-10T08:40:00,2016-11-11T14:55:00,1995,11109,16692,110,952
146,16692-1611101125-CX-1-11109-1611111455,Outbound,2016-11-10T11:25:00,2016-11-11T14:55:00,1830,11109,16692,785,952
147,16692-1611101125-CX-1-11109-1611111455,Outbound,2016-11-10T11:25:00,2016-11-11T14:55:00,1830,11109,16692,162,952
148,16692-1611102210-QR-1-11109-1611121740,Outbound,2016-11-10T22:10:00,2016-11-12T17:40:00,2790,11109,16692,909,1618
149,16692-1611102210-QR-1-11109-1611121740,Outbound,2016-11-10T22:10:00,2016-11-12T17:40:00,2790,11109,16692,962,1618
150,"16692-1611101200-MU,GA-1-11109-1611110900",Outbound,2016-11-10T12:00:00,2016-11-11T09:00:00,1440,11109,16692,562,1429
151,"16692-1611101200-MU,GA-1-11109-1611110900",Outbound,2016-11-10T12:00:00,2016-11-11T09:00:00,1440,11109,16692,859,1121
152,"16692-1611101020-OZ,KE-1-11109-1611111800",Outbound,2016-11-10T10:20:00,2016-11-11T18:00:00,2080,11109,16692,602,1530
153,"16692-1611101020-OZ,KE-1-11109-1611111800",Outbound,2016-11-10T10:20:00,2016-11-11T18:00:00,2080,11109,16692,5629,1317
154,"16692-1611101950-EK,TG-1-11109-1611111415",Outbound,2016-11-10T19:50:00,2016-11-11T14:15:00,1285,11109,16692,431,1751
155,"16692-1611101950-EK,TG-1-11109-1611111415",Outbound,2016-11-10T19:50:00,2016-11-11T14:15:00,1285,11109,16692,419,1035
156,16692-1611100900-KE-1-11109-1611111800,Outbound,2016-11-10T09:00:00,2016-11-11T18:00:00,2160,11109,16692,5629,1317
157,16692-1611100900-KE-1-11109-1611111800,Outbound,2016-11-10T09:00:00,2016-11-11T18:00:00,2160,11109,16692,122,1317
158,"16692-1611100600-V1,GA-1-11109-1611101210",Outbound,2016-11-10T06:00:00,2016-11-10T12:10:00,550,11109,16692,719,1121
159,"16692-1611100600-V1,GA-1-11109-1611101210",Outbound,2016-11-10T06:00:00,2016-11-10T12:10:00,550,11109,16692,800,1825
160,16692-1611102130-NH-1-11109-1611111735,Outbound,2016-11-10T21:30:00,2016-11-11T17:35:00,1385,11109,16692,880,1464
161,16692-1611102130-NH-1-11109-1611111735,Outbound,2016-11-10T21:30:00,2016-11-11T17:35:00,1385,11109,16692,5471,1464
162,16692-1611102130-NH-2-11109-1611111720,Outbound,2016-11-10T21:30:00,2016-11-11T17:20:00,1370,11109,16692,880,1464
163,16692-1611102130-NH-2-11109-1611111720,Outbound,2016-11-10T21:30:00,2016-11-11T17:20:00,1370,11109,16692,93,1464
164,16692-1611102130-NH-2-11109-1611111720,Outbound,2016-11-10T21:30:00,2016-11-11T17:20:00,1370,11109,16692,5473,1464
165,16692-1611101000-QF-1-11109-1611110010,Outbound,2016-11-10T10:00:00,2016-11-11T00:10:00,1030,11109,16692,840,1606
166,16692-1611101000-QF-1-11109-1611110010,Outbound,2016-11-10T10:00:00,2016-11-11T00:10:00,1030,11109,16692,291,1606
167,16692-1611100825-QF-1-11109-1611101720,Outbound,2016-11-10T08:25:00,2016-11-10T17:20:00,715,11109,16692,575,1606
168,16692-1611100825-QF-1-11109-1611101720,Outbound,2016-11-10T08:25:00,2016-11-10T17:20:00,715,11109,16692,287,1606
169,16692-1611101200-QF-1-11109-1611102115,Outbound,2016-11-10T12:00:00,2016-11-10T21:15:00,735,11109,16692,1253,1606
170,16692-1611101200-QF-1-11109-1611102115,Outbound,2016-11-10T12:00:00,2016-11-10T21:15:00,735,11109,16692,275,1606
171,16692-1611101730-QF-0-11109-1611102055,Outbound,2016-11-10T17:30:00,2016-11-10T20:55:00,385,11109,16692,269,1606
172,16692-1611100645-QF-1-11109-1611101255,Outbound,2016-11-10T06:45:00,2016-11-10T12:55:00,550,11109,16692,403,1606
173,16692-1611100645-QF-1-11109-1611101255,Outbound,2016-11-10T06:45:00,2016-11-10T12:55:00,550,11109,16692,257,1606
174,16692-1611101030-QF-1-11109-1611102115,Outbound,2016-11-10T10:30:00,2016-11-10T21:15:00,825,11109,16692,275,1606
175,16692-1611101030-QF-1-11109-1611102115,Outbound,2016-11-10T10:30:00,2016-11-10T21:15:00,825,11109,16692,581,1606
176,16692-1611101500-QF-1-11109-1611102120,Outbound,2016-11-10T15:00:00,2016-11-10T21:20:00,560,11109,16692,761,1606
177,16692-1611101500-QF-1-11109-1611102120,Outbound,2016-11-10T15:00:00,2016-11-10T21:20:00,560,11109,16692,277,1606
178,16692-1611101530-QF-1-11109-1611102145,Outbound,2016-11-10T15:30:00,2016-11-10T21:45:00,555,11109,16692,538,1606
179,16692-1611101530-QF-1-11109-1611102145,Outbound,2016-11-10T15:30:00,2016-11-10T21:45:00,555,11109,16692,259,1606
180,16692-1611101715-EK-1-11109-1611110740,Outbound,2016-11-10T17:15:00,2016-11-11T07:40:00,1045,11109,16692,5005,1035
181,16692-1611101715-EK-1-11109-1611110740,Outbound,2016-11-10T17:15:00,2016-11-11T07:40:00,1045,11109,16692,7595,1035
182,16692-1611101115-EK-1-11109-1611110800,Outbound,2016-11-10T11:15:00,2016-11-11T08:00:00,1425,11109,16692,7595,1035
183,16692-1611101115-EK-1-11109-1611110800,Outbound,2016-11-10T11:15:00,2016-11-11T08:00:00,1425,11109,16692,5061,1035
184,16692-1611101715-EK-1-11109-1611110800,Outbound,2016-11-10T17:15:00,2016-11-11T08:00:00,1065,11109,16692,5005,1035
185,16692-1611101715-EK-1-11109-1611110800,Outbound,2016-11-10T17:15:00,2016-11-11T08:00:00,1065,11109,16692,7595,1035
186,16692-1611101500-EK-2-11109-1611110800,Outbound,2016-11-10T15:00:00,2016-11-11T08:00:00,1200,11109,16692,405,1035
187,16692-1611101500-EK-2-11109-1611110800,Outbound,2016-11-10T15:00:00,2016-11-11T08:00:00,1200,11109,16692,7595,1035
188,16692-1611101500-EK-2-11109-1611110800,Outbound,2016-11-10T15:00:00,2016-11-11T08:00:00,1200,11109,16692,5443,1035
189,16692-1611101530-EK-2-11109-1611110800,Outbound,2016-11-10T15:30:00,2016-11-11T08:00:00,1170,11109,16692,405,1035
190,16692-1611101530-EK-2-11109-1611110800,Outbound,2016-11-10T15:30:00,2016-11-11T08:00:00,1170,11109,16692,7595,1035
191,16692-1611101530-EK-2-11109-1611110800,Outbound,2016-11-10T15:30:00,2016-11-11T08:00:00,1170,11109,16692,5445,1035
192,16692-1611101600-EK-2-11109-1611110800,Outbound,2016-11-10T16:00:00,2016-11-11T08:00:00,1140,11109,16692,405,1035
193,16692-1611101600-EK-2-11109-1611110800,Outbound,2016-11-10T16:00:00,2016-11-11T08:00:00,1140,11109,16692,7595,1035
194,16692-1611101600-EK-2-11109-1611110800,Outbound,2016-11-10T16:00:00,2016-11-11T08:00:00,1140,11109,16692,5447,1035
195,16692-1611102210-QR-1-11109-1611112315,Outbound,2016-11-10T22:10:00,2016-11-11T23:15:00,1685,11109,16692,909,1618
196,16692-1611102210-QR-1-11109-1611112315,Outbound,2016-11-10T22:10:00,2016-11-11T23:15:00,1685,11109,16692,960,1618
197,"16692-1611102130-NH,GA-1-11109-1611111735",Outbound,2016-11-10T21:30:00,2016-11-11T17:35:00,1385,11109,16692,880,1464
198,"16692-1611102130-NH,GA-1-11109-1611111735",Outbound,2016-11-10T21:30:00,2016-11-11T17:35:00,1385,11109,16692,881,1121
199,"16692-1611100915-JL,GA-1-11109-1611111735",Outbound,2016-11-10T09:15:00,2016-11-11T17:35:00,2120,11109,16692,881,1121
200,"16692-1611100915-JL,GA-1-11109-1611111735",Outbound,2016-11-10T09:15:00,2016-11-11T17:35:00,2120,11109,16692,772,1276
201,11109-1611242155-AK-1-16692-1611252020,Inbound,2016-11-24T21:55:00,2016-11-25T20:20:00,1165,16692,11109,375,843
202,11109-1611242155-AK-1-16692-1611252020,Inbound,2016-11-24T21:55:00,2016-11-25T20:20:00,1165,16692,11109,220,843
203,11109-1611241945-AK-1-16692-1611252020,Inbound,2016-11-24T19:45:00,2016-11-25T20:20:00,1295,16692,11109,220,843
204,11109-1611241945-AK-1-16692-1611252020,Inbound,2016-11-24T19:45:00,2016-11-25T20:20:00,1295,16692,11109,379,843
205,11109-1611241530-AK-1-16692-1611252020,Inbound,2016-11-24T15:30:00,2016-11-25T20:20:00,1550,16692,11109,220,843
206,11109-1611241530-AK-1-16692-1611252020,Inbound,2016-11-24T15:30:00,2016-11-25T20:20:00,1550,16692,11109,556,843
207,11109-1611241720-AK-1-16692-1611252020,Inbound,2016-11-24T17:20:00,2016-11-25T20:20:00,1440,16692,11109,220,843
208,11109-1611241720-AK-1-16692-1611252020,Inbound,2016-11-24T17:20:00,2016-11-25T20:20:00,1440,16692,11109,554,843
209,11109-1611242225-JQ-0-16692-1611250710,Inbound,2016-11-24T22:25:00,2016-11-25T07:10:00,345,16692,11109,38,1281
210,11109-1611242230-V1-0-16692-1611250740,Inbound,2016-11-24T22:30:00,2016-11-25T07:40:00,370,16692,11109,70,1825
211,11109-1611242355-V1-0-16692-1611250905,Inbound,2016-11-24T23:55:00,2016-11-25T09:05:00,370,16692,11109,66,1825
212,11109-1611241555-V1-1-16692-1611250805,Inbound,2016-11-24T15:55:00,2016-11-25T08:05:00,790,16692,11109,46,1825
213,11109-1611241555-V1-1-16692-1611250805,Inbound,2016-11-24T15:55:00,2016-11-25T08:05:00,790,16692,11109,904,1825
214,11109-1611240600-AK-1-16692-1611251045,Inbound,2016-11-24T06:00:00,2016-11-25T10:45:00,1545,16692,11109,550,843
215,11109-1611240600-AK-1-16692-1611251045,Inbound,2016-11-24T06:00:00,2016-11-25T10:45:00,1545,16692,11109,222,843
216,11109-1611241530-AK-1-16692-1611251045,Inbound,2016-11-24T15:30:00,2016-11-25T10:45:00,975,16692,11109,556,843
217,11109-1611241530-AK-1-16692-1611251045,Inbound,2016-11-24T15:30:00,2016-11-25T10:45:00,975,16692,11109,222,843
218,11109-1611241720-AK-1-16692-1611251045,Inbound,2016-11-24T17:20:00,2016-11-25T10:45:00,865,16692,11109,554,843
219,11109-1611241720-AK-1-16692-1611251045,Inbound,2016-11-24T17:20:00,2016-11-25T10:45:00,865,16692,11109,222,843
220,11109-1611241355-AK-1-16692-1611251045,Inbound,2016-11-24T13:55:00,2016-11-25T10:45:00,1070,16692,11109,222,843
221,11109-1611241355-AK-1-16692-1611251045,Inbound,2016-11-24T13:55:00,2016-11-25T10:45:00,1070,16692,11109,377,843
222,11109-1611241625-MH-1-16692-1611251045,Inbound,2016-11-24T16:25:00,2016-11-25T10:45:00,920,16692,11109,850,1416
223,11109-1611241625-MH-1-16692-1611251045,Inbound,2016-11-24T16:25:00,2016-11-25T10:45:00,920,16692,11109,123,1416
224,11109-1611241845-QY-1-16692-1611251230,Inbound,2016-11-24T18:45:00,2016-11-25T12:30:00,885,16692,11109,2289,1625
225,11109-1611241845-QY-1-16692-1611251230,Inbound,2016-11-24T18:45:00,2016-11-25T12:30:00,885,16692,11109,2,1625
226,11109-1611241915-MH-1-16692-1611251045,Inbound,2016-11-24T19:15:00,2016-11-25T10:45:00,750,16692,11109,123,1416
227,11109-1611241915-MH-1-16692-1611251045,Inbound,2016-11-24T19:15:00,2016-11-25T10:45:00,750,16692,11109,852,1416
228,11109-1611242035-GA-1-16692-1611251025,Inbound,2016-11-24T20:35:00,2016-11-25T10:25:00,650,16692,11109,413,1121
229,11109-1611242035-GA-1-16692-1611251025,Inbound,2016-11-24T20:35:00,2016-11-25T10:25:00,650,16692,11109,712,1121
230,11109-1611242005-V1-1-16692-1611251140,Inbound,2016-11-24T20:05:00,2016-11-25T11:40:00,755,16692,11109,5617,1825
231,11109-1611242005-V1-1-16692-1611251140,Inbound,2016-11-24T20:05:00,2016-11-25T11:40:00,755,16692,11109,5509,1825
232,11109-1611241555-V1-2-16692-1611251405,Inbound,2016-11-24T15:55:00,2016-11-25T14:05:00,1150,16692,11109,46,1825
233,11109-1611241555-V1-2-16692-1611251405,Inbound,2016-11-24T15:55:00,2016-11-25T14:05:00,1150,16692,11109,1210,1825
234,11109-1611241555-V1-2-16692-1611251405,Inbound,2016-11-24T15:55:00,2016-11-25T14:05:00,1150,16692,11109,647,1825
235,"11109-1611241300-MI,SQ-1-16692-1611250740",Inbound,2016-11-24T13:00:00,2016-11-25T07:40:00,940,16692,11109,5833,1417
236,"11109-1611241300-MI,SQ-1-16692-1611250740",Inbound,2016-11-24T13:00:00,2016-11-25T07:40:00,940,16692,11109,221,1713
237,11109-1611241300-V1-2-16692-1611251025,Inbound,2016-11-24T13:00:00,2016-11-25T10:25:00,1105,16692,11109,5615,1825
238,11109-1611241300-V1-2-16692-1611251025,Inbound,2016-11-24T13:00:00,2016-11-25T10:25:00,1105,16692,11109,5521,1825
239,11109-1611241300-V1-2-16692-1611251025,Inbound,2016-11-24T13:00:00,2016-11-25T10:25:00,1105,16692,11109,827,1825
240,11109-1611242005-V1-2-16692-1611251540,Inbound,2016-11-24T20:05:00,2016-11-25T15:40:00,995,16692,11109,5617,1825
241,11109-1611242005-V1-2-16692-1611251540,Inbound,2016-11-24T20:05:00,2016-11-25T15:40:00,995,16692,11109,5667,1825
242,11109-1611242005-V1-2-16692-1611251540,Inbound,2016-11-24T20:05:00,2016-11-25T15:40:00,995,16692,11109,950,1825
243,11109-1611240850-JQ-1-16692-1611250610,Inbound,2016-11-24T08:50:00,2016-11-25T06:10:00,1100,16692,11109,117,1281
244,11109-1611240850-JQ-1-16692-1611250610,Inbound,2016-11-24T08:50:00,2016-11-25T06:10:00,1100,16692,11109,989,1281
245,11109-1611242005-SQ-1-16692-1611251140,Inbound,2016-11-24T20:05:00,2016-11-25T11:40:00,755,16692,11109,947,1713
246,11109-1611242005-SQ-1-16692-1611251140,Inbound,2016-11-24T20:05:00,2016-11-25T11:40:00,755,16692,11109,231,1713
247,11109-1611241535-GA-1-16692-1611251025,Inbound,2016-11-24T15:35:00,2016-11-25T10:25:00,950,16692,11109,712,1121
248,11109-1611241535-GA-1-16692-1611251025,Inbound,2016-11-24T15:35:00,2016-11-25T10:25:00,950,16692,11109,411,1121
249,11109-1611241555-GA-1-16692-1611251025,Inbound,2016-11-24T15:55:00,2016-11-25T10:25:00,930,16692,11109,712,1121
250,11109-1611241555-GA-1-16692-1611251025,Inbound,2016-11-24T15:55:00,2016-11-25T10:25:00,930,16692,11109,439,1121
251,11109-1611241820-GA-1-16692-1611251025,Inbound,2016-11-24T18:20:00,2016-11-25T10:25:00,785,16692,11109,712,1121
252,11109-1611241820-GA-1-16692-1611251025,Inbound,2016-11-24T18:20:00,2016-11-25T10:25:00,785,16692,11109,417,1121
253,11109-1611241855-GA-1-16692-1611251025,Inbound,2016-11-24T18:55:00,2016-11-25T10:25:00,750,16692,11109,712,1121
254,11109-1611241855-GA-1-16692-1611251025,Inbound,2016-11-24T18:55:00,2016-11-25T10:25:00,750,16692,11109,415,1121
255,11109-1611241930-GA-1-16692-1611251025,Inbound,2016-11-24T19:30:00,2016-11-25T10:25:00,715,16692,11109,712,1121
256,11109-1611241930-GA-1-16692-1611251025,Inbound,2016-11-24T19:30:00,2016-11-25T10:25:00,715,16692,11109,423,1121
257,11109-1611241155-SQ-1-16692-1611250740,Inbound,2016-11-24T11:55:00,2016-11-25T07:40:00,1005,16692,11109,221,1713
258,11109-1611241155-SQ-1-16692-1611250740,Inbound,2016-11-24T11:55:00,2016-11-25T07:40:00,1005,16692,11109,939,1713
259,11109-1611241300-SQ-1-16692-1611250740,Inbound,2016-11-24T13:00:00,2016-11-25T07:40:00,940,16692,11109,221,1713
260,11109-1611241300-SQ-1-16692-1611250740,Inbound,2016-11-24T13:00:00,2016-11-25T07:40:00,940,16692,11109,943,1713
261,11109-1611241300-SQ-1-16692-1611251015,Inbound,2016-11-24T13:00:00,2016-11-25T10:15:00,1095,16692,11109,943,1713
262,11109-1611241300-SQ-1-16692-1611251015,Inbound,2016-11-24T13:00:00,2016-11-25T10:15:00,1095,16692,11109,251,1713
263,11109-1611242005-SQ-1-16692-1611251755,Inbound,2016-11-24T20:05:00,2016-11-25T17:55:00,1130,16692,11109,947,1713
264,11109-1611242005-SQ-1-16692-1611251755,Inbound,2016-11-24T20:05:00,2016-11-25T17:55:00,1130,16692,11109,241,1713
265,11109-1611242005-V1-2-16692-1611251745,Inbound,2016-11-24T20:05:00,2016-11-25T17:45:00,1120,16692,11109,5617,1825
266,11109-1611242005-V1-2-16692-1611251745,Inbound,2016-11-24T20:05:00,2016-11-25T17:45:00,1120,16692,11109,5507,1825
267,11109-1611242005-V1-2-16692-1611251745,Inbound,2016-11-24T20:05:00,2016-11-25T17:45:00,1120,16692,11109,556,1825
268,11109-1611241300-V1-1-16692-1611250740,Inbound,2016-11-24T13:00:00,2016-11-25T07:40:00,940,16692,11109,5615,1825
269,11109-1611241300-V1-1-16692-1611250740,Inbound,2016-11-24T13:00:00,2016-11-25T07:40:00,940,16692,11109,5515,1825
270,11109-1611241300-V1-2-16692-1611251245,Inbound,2016-11-24T13:00:00,2016-11-25T12:45:00,1245,16692,11109,5615,1825
271,11109-1611241300-V1-2-16692-1611251245,Inbound,2016-11-24T13:00:00,2016-11-25T12:45:00,1245,16692,11109,5501,1825
272,11109-1611241300-V1-2-16692-1611251245,Inbound,2016-11-24T13:00:00,2016-11-25T12:45:00,1245,16692,11109,552,1825
273,11109-1611242005-V1-2-16692-1611251325,Inbound,2016-11-24T20:05:00,2016-11-25T13:25:00,860,16692,11109,5617,1825
274,11109-1611242005-V1-2-16692-1611251325,Inbound,2016-11-24T20:05:00,2016-11-25T13:25:00,860,16692,11109,5517,1825
275,11109-1611242005-V1-2-16692-1611251325,Inbound,2016-11-24T20:05:00,2016-11-25T13:25:00,860,16692,11109,841,1825
276,11109-1611242240-JQ-1-16692-1611251945,Inbound,2016-11-24T22:40:00,2016-11-25T19:45:00,1085,16692,11109,128,1281
277,11109-1611242240-JQ-1-16692-1611251945,Inbound,2016-11-24T22:40:00,2016-11-25T19:45:00,1085,16692,11109,767,1281
278,11109-1611242240-JQ-1-16692-1611251125,Inbound,2016-11-24T22:40:00,2016-11-25T11:25:00,585,16692,11109,128,1281
279,11109-1611242240-JQ-1-16692-1611251125,Inbound,2016-11-24T22:40:00,2016-11-25T11:25:00,585,16692,11109,763,1281
280,11109-1611241555-V1-1-16692-1611251240,Inbound,2016-11-24T15:55:00,2016-11-25T12:40:00,1065,16692,11109,46,1825
281,11109-1611241555-V1-1-16692-1611251240,Inbound,2016-11-24T15:55:00,2016-11-25T12:40:00,1065,16692,11109,938,1825
282,"11109-1611242315-JQ,QF-1-16692-1611251510",Inbound,2016-11-24T23:15:00,2016-11-25T15:10:00,775,16692,11109,58,1281
283,"11109-1611242315-JQ,QF-1-16692-1611251510",Inbound,2016-11-24T23:15:00,2016-11-25T15:10:00,775,16692,11109,531,1606
284,11109-1611242315-JQ-1-16692-1611251320,Inbound,2016-11-24T23:15:00,2016-11-25T13:20:00,665,16692,11109,58,1281
285,11109-1611242315-JQ-1-16692-1611251320,Inbound,2016-11-24T23:15:00,2016-11-25T13:20:00,665,16692,11109,814,1281
286,"11109-1611241045-JQ,EK-1-16692-1611250610",Inbound,2016-11-24T10:45:00,2016-11-25T06:10:00,985,16692,11109,244,1281
287,"11109-1611241045-JQ,EK-1-16692-1611250610",Inbound,2016-11-24T10:45:00,2016-11-25T06:10:00,985,16692,11109,5062,1035
288,11109-1611241305-GA-2-16692-1611251025,Inbound,2016-11-24T13:05:00,2016-11-25T10:25:00,1100,16692,11109,712,1121
289,11109-1611241305-GA-2-16692-1611251025,Inbound,2016-11-24T13:05:00,2016-11-25T10:25:00,1100,16692,11109,446,1121
290,11109-1611241305-GA-2-16692-1611251025,Inbound,2016-11-24T13:05:00,2016-11-25T10:25:00,1100,16692,11109,241,1121
291,11109-1611241550-GA-2-16692-1611251025,Inbound,2016-11-24T15:50:00,2016-11-25T10:25:00,935,16692,11109,712,1121
292,11109-1611241550-GA-2-16692-1611251025,Inbound,2016-11-24T15:50:00,2016-11-25T10:25:00,935,16692,11109,436,1121
293,11109-1611241550-GA-2-16692-1611251025,Inbound,2016-11-24T15:50:00,2016-11-25T10:25:00,935,16692,11109,441,1121
294,11109-1611241555-V1-2-16692-1611251025,Inbound,2016-11-24T15:55:00,2016-11-25T10:25:00,930,16692,11109,46,1825
295,11109-1611241555-V1-2-16692-1611251025,Inbound,2016-11-24T15:55:00,2016-11-25T10:25:00,930,16692,11109,827,1825
296,11109-1611241555-V1-2-16692-1611251025,Inbound,2016-11-24T15:55:00,2016-11-25T10:25:00,930,16692,11109,302,1825
297,11109-1611241730-GA-1-16692-1611251025,Inbound,2016-11-24T17:30:00,2016-11-25T10:25:00,835,16692,11109,712,1121
298,11109-1611241730-GA-1-16692-1611251025,Inbound,2016-11-24T17:30:00,2016-11-25T10:25:00,835,16692,11109,419,1121
299,11109-1611242315-JQ-1-16692-1611252215,Inbound,2016-11-24T23:15:00,2016-11-25T22:15:00,1200,16692,11109,58,1281
300,11109-1611242315-JQ-1-16692-1611252215,Inbound,2016-11-24T23:15:00,2016-11-25T22:15:00,1200,16692,11109,823,1281
301,11109-1611241555-V1-1-16692-1611250940,Inbound,2016-11-24T15:55:00,2016-11-25T09:40:00,885,16692,11109,46,1825
302,11109-1611241555-V1-1-16692-1611250940,Inbound,2016-11-24T15:55:00,2016-11-25T09:40:00,885,16692,11109,916,1825
303,11109-1611241555-V1-1-16692-1611250910,Inbound,2016-11-24T15:55:00,2016-11-25T09:10:00,855,16692,11109,46,1825
304,11109-1611241555-V1-1-16692-1611250910,Inbound,2016-11-24T15:55:00,2016-11-25T09:10:00,855,16692,11109,912,1825
305,11109-1611241555-V1-1-16692-1611251040,Inbound,2016-11-24T15:55:00,2016-11-25T10:40:00,945,16692,11109,46,1825
306,11109-1611241555-V1-1-16692-1611251040,Inbound,2016-11-24T15:55:00,2016-11-25T10:40:00,945,16692,11109,924,1825
307,11109-1611240140-MU-2-16692-1611251330,Inbound,2016-11-24T01:40:00,2016-11-25T13:30:00,1970,16692,11109,782,1429
308,11109-1611240140-MU-2-16692-1611251330,Inbound,2016-11-24T01:40:00,2016-11-25T13:30:00,1970,16692,11109,711,1429
309,11109-1611240140-MU-2-16692-1611251330,Inbound,2016-11-24T01:40:00,2016-11-25T13:30:00,1970,16692,11109,711,1429
310,"11109-1611242005-MI,SQ-1-16692-1611251140",Inbound,2016-11-24T20:05:00,2016-11-25T11:40:00,755,16692,11109,231,1713
311,"11109-1611242005-MI,SQ-1-16692-1611251140",Inbound,2016-11-24T20:05:00,2016-11-25T11:40:00,755,16692,11109,5847,1417
312,11109-1611242245-QF-1-16692-1611260610,Inbound,2016-11-24T22:45:00,2016-11-26T06:10:00,1705,16692,11109,275,1606
313,11109-1611242245-QF-1-16692-1611260610,Inbound,2016-11-24T22:45:00,2016-11-26T06:10:00,1705,16692,11109,82,1606
314,11109-1611241455-GA-2-16692-1611251025,Inbound,2016-11-24T14:55:00,2016-11-25T10:25:00,990,16692,11109,712,1121
315,11109-1611241455-GA-2-16692-1611251025,Inbound,2016-11-24T14:55:00,2016-11-25T10:25:00,990,16692,11109,253,1121
316,11109-1611241455-GA-2-16692-1611251025,Inbound,2016-11-24T14:55:00,2016-11-25T10:25:00,990,16692,11109,217,1121
317,11109-1611241610-TG-1-16692-1611260710,Inbound,2016-11-24T16:10:00,2016-11-26T07:10:00,2160,16692,11109,432,1751
318,11109-1611241610-TG-1-16692-1611260710,Inbound,2016-11-24T16:10:00,2016-11-26T07:10:00,2160,16692,11109,475,1751
319,11109-1611240105-MU-1-16692-1611251000,Inbound,2016-11-24T01:05:00,2016-11-25T10:00:00,1795,16692,11109,5030,1429
320,11109-1611240105-MU-1-16692-1611251000,Inbound,2016-11-24T01:05:00,2016-11-25T10:00:00,1795,16692,11109,561,1429
321,"11109-1611242150-GA,SQ-1-16692-1611260930",Inbound,2016-11-24T21:50:00,2016-11-26T09:30:00,1960,16692,11109,425,1121
322,"11109-1611242150-GA,SQ-1-16692-1611260930",Inbound,2016-11-24T21:50:00,2016-11-26T09:30:00,1960,16692,11109,261,1713
323,11109-1611242145-SQ-1-16692-1611251755,Inbound,2016-11-24T21:45:00,2016-11-25T17:55:00,1030,16692,11109,241,1713
324,11109-1611242145-SQ-1-16692-1611251755,Inbound,2016-11-24T21:45:00,2016-11-25T17:55:00,1030,16692,11109,5067,1713
325,11109-1611240100-CZ-1-16692-1611242040,Inbound,2016-11-24T01:00:00,2016-11-24T20:40:00,1000,16692,11109,3006,954
326,11109-1611240100-CZ-1-16692-1611242040,Inbound,2016-11-24T01:00:00,2016-11-24T20:40:00,1000,16692,11109,301,954
327,"11109-1611242305-GA,QF-1-16692-1611251025",Inbound,2016-11-24T23:05:00,2016-11-25T10:25:00,500,16692,11109,718,1121
328,"11109-1611242305-GA,QF-1-16692-1611251025",Inbound,2016-11-24T23:05:00,2016-11-25T10:25:00,500,16692,11109,418,1606
329,"11109-1611240710-GA,QF-1-16692-1611250610",Inbound,2016-11-24T07:10:00,2016-11-25T06:10:00,1200,16692,11109,840,1121
330,"11109-1611240710-GA,QF-1-16692-1611250610",Inbound,2016-11-24T07:10:00,2016-11-25T06:10:00,1200,16692,11109,82,1606
331,11109-1611241540-CI-1-16692-1611251120,Inbound,2016-11-24T15:40:00,2016-11-25T11:20:00,1000,16692,11109,772,937
332,11109-1611241540-CI-1-16692-1611251120,Inbound,2016-11-24T15:40:00,2016-11-25T11:20:00,1000,16692,11109,55,937
333,11109-1611241605-CX-1-16692-1611251205,Inbound,2016-11-24T16:05:00,2016-11-25T12:05:00,1020,16692,11109,784,952
334,11109-1611241605-CX-1-16692-1611251205,Inbound,2016-11-24T16:05:00,2016-11-25T12:05:00,1020,16692,11109,101,952
335,"11109-1611242245-JQ,EK-1-16692-1611260610",Inbound,2016-11-24T22:45:00,2016-11-26T06:10:00,1705,16692,11109,116,1281
336,"11109-1611242245-JQ,EK-1-16692-1611260610",Inbound,2016-11-24T22:45:00,2016-11-26T06:10:00,1705,16692,11109,5062,1035
337,11109-1611241605-CX-1-16692-1611252045,Inbound,2016-11-24T16:05:00,2016-11-25T20:45:00,1540,16692,11109,784,952
338,11109-1611241605-CX-1-16692-1611252045,Inbound,2016-11-24T16:05:00,2016-11-25T20:45:00,1540,16692,11109,139,952
339,"11109-1611240710-GA,EK-1-16692-1611250610",Inbound,2016-11-24T07:10:00,2016-11-25T06:10:00,1200,16692,11109,5062,1035
340,"11109-1611240710-GA,EK-1-16692-1611250610",Inbound,2016-11-24T07:10:00,2016-11-25T06:10:00,1200,16692,11109,840,1121
341,"11109-1611240915-GA,EK-2-16692-1611250610",Inbound,2016-11-24T09:15:00,2016-11-25T06:10:00,1075,16692,11109,5062,1035
342,"11109-1611240915-GA,EK-2-16692-1611250610",Inbound,2016-11-24T09:15:00,2016-11-25T06:10:00,1075,16692,11109,403,1121
343,"11109-1611240915-GA,EK-2-16692-1611250610",Inbound,2016-11-24T09:15:00,2016-11-25T06:10:00,1075,16692,11109,834,1121
344,11109-1611240100-CZ-1-16692-1611250925,Inbound,2016-11-24T01:00:00,2016-11-25T09:25:00,1765,16692,11109,3006,954
345,11109-1611240100-CZ-1-16692-1611250925,Inbound,2016-11-24T01:00:00,2016-11-25T09:25:00,1765,16692,11109,325,954
346,"11109-1611241545-GA,QF-1-16692-1611251050",Inbound,2016-11-24T15:45:00,2016-11-25T10:50:00,965,16692,11109,842,1121
347,"11109-1611241545-GA,QF-1-16692-1611251050",Inbound,2016-11-24T15:45:00,2016-11-25T10:50:00,965,16692,11109,6,1606
348,"11109-1611240105-MU,CA-1-16692-1611250930",Inbound,2016-11-24T01:05:00,2016-11-25T09:30:00,1765,16692,11109,5030,1429
349,"11109-1611240105-MU,CA-1-16692-1611250930",Inbound,2016-11-24T01:05:00,2016-11-25T09:30:00,1765,16692,11109,175,929
350,"11109-1611242305-GA,QF-1-16692-1611251055",Inbound,2016-11-24T23:05:00,2016-11-25T10:55:00,530,16692,11109,718,1121
351,"11109-1611242305-GA,QF-1-16692-1611251055",Inbound,2016-11-24T23:05:00,2016-11-25T10:55:00,530,16692,11109,420,1606
352,"11109-1611240125-KE,OZ-1-16692-1611250820",Inbound,2016-11-24T01:25:00,2016-11-25T08:20:00,1675,16692,11109,630,1317
353,"11109-1611240125-KE,OZ-1-16692-1611250820",Inbound,2016-11-24T01:25:00,2016-11-25T08:20:00,1675,16692,11109,601,1530
354,"11109-1611241545-GA,EK-1-16692-1611251050",Inbound,2016-11-24T15:45:00,2016-11-25T10:50:00,965,16692,11109,842,1121
355,"11109-1611241545-GA,EK-1-16692-1611251050",Inbound,2016-11-24T15:45:00,2016-11-25T10:50:00,965,16692,11109,5006,1035
356,11109-1611240125-KE-1-16692-1611250655,Inbound,2016-11-24T01:25:00,2016-11-25T06:55:00,1590,16692,11109,630,1317
357,11109-1611240125-KE-1-16692-1611250655,Inbound,2016-11-24T01:25:00,2016-11-25T06:55:00,1590,16692,11109,121,1317
358,"11109-1611242005-SQ,EK-1-16692-1611251050",Inbound,2016-11-24T20:05:00,2016-11-25T10:50:00,705,16692,11109,947,1713
359,"11109-1611242005-SQ,EK-1-16692-1611251050",Inbound,2016-11-24T20:05:00,2016-11-25T10:50:00,705,16692,11109,5006,1035
360,11109-1611242225-QF-0-16692-1611250710,Inbound,2016-11-24T22:25:00,2016-11-25T07:10:00,345,16692,11109,270,1606
361,"11109-1611241300-SQ,EK-1-16692-1611250610",Inbound,2016-11-24T13:00:00,2016-11-25T06:10:00,850,16692,11109,943,1713
362,"11109-1611241300-SQ,EK-1-16692-1611250610",Inbound,2016-11-24T13:00:00,2016-11-25T06:10:00,850,16692,11109,5062,1035
363,11109-1611240145-KE-1-16692-1611250655,Inbound,2016-11-24T01:45:00,2016-11-25T06:55:00,1570,16692,11109,121,1317
364,11109-1611240145-KE-1-16692-1611250655,Inbound,2016-11-24T01:45:00,2016-11-25T06:55:00,1570,16692,11109,5630,1317
365,11109-1611240045-QR-1-16692-1611251900,Inbound,2016-11-24T00:45:00,2016-11-25T19:00:00,2355,16692,11109,961,1618
366,11109-1611240045-QR-1-16692-1611251900,Inbound,2016-11-24T00:45:00,2016-11-25T19:00:00,2355,16692,11109,908,1618
367,"11109-1611242005-MI,EK-1-16692-1611251050",Inbound,2016-11-24T20:05:00,2016-11-25T10:50:00,705,16692,11109,5847,1417
368,"11109-1611242005-MI,EK-1-16692-1611251050",Inbound,2016-11-24T20:05:00,2016-11-25T10:50:00,705,16692,11109,5006,1035
369,"11109-1611241300-MI,EK-1-16692-1611250610",Inbound,2016-11-24T13:00:00,2016-11-25T06:10:00,850,16692,11109,5833,1417
370,"11109-1611241300-MI,EK-1-16692-1611250610",Inbound,2016-11-24T13:00:00,2016-11-25T06:10:00,850,16692,11109,5062,1035
371,"11109-1611242305-GA,V1-1-16692-1611251125",Inbound,2016-11-24T23:05:00,2016-11-25T11:25:00,560,16692,11109,718,1121
372,"11109-1611242305-GA,V1-1-16692-1611251125",Inbound,2016-11-24T23:05:00,2016-11-25T11:25:00,560,16692,11109,833,1825
373,11109-1611242240-QF-1-16692-1611251040,Inbound,2016-11-24T22:40:00,2016-11-25T10:40:00,540,16692,11109,272,1606
374,11109-1611242240-QF-1-16692-1611251040,Inbound,2016-11-24T22:40:00,2016-11-25T10:40:00,540,16692,11109,740,1606
375,11109-1611242315-QF-1-16692-1611251110,Inbound,2016-11-24T23:15:00,2016-11-25T11:10:00,535,16692,11109,258,1606
376,11109-1611242315-QF-1-16692-1611251110,Inbound,2016-11-24T23:15:00,2016-11-25T11:10:00,535,16692,11109,515,1606
377,11109-1611240850-QF-1-16692-1611242225,Inbound,2016-11-24T08:50:00,2016-11-24T22:25:00,635,16692,11109,276,1606
378,11109-1611240850-QF-1-16692-1611242225,Inbound,2016-11-24T08:50:00,2016-11-24T22:25:00,635,16692,11109,566,1606
379,"11109-1611242305-GA,V1-1-16692-1611251525",Inbound,2016-11-24T23:05:00,2016-11-25T15:25:00,800,16692,11109,718,1121
380,"11109-1611242305-GA,V1-1-16692-1611251525",Inbound,2016-11-24T23:05:00,2016-11-25T15:25:00,800,16692,11109,849,1825
381,11109-1611240050-NH-1-16692-1611250945,Inbound,2016-11-24T00:50:00,2016-11-25T09:45:00,1795,16692,11109,5470,1464
382,11109-1611240050-NH-1-16692-1611250945,Inbound,2016-11-24T00:50:00,2016-11-25T09:45:00,1795,16692,11109,879,1464
383,11109-1611242315-QF-1-16692-1611251140,Inbound,2016-11-24T23:15:00,2016-11-25T11:40:00,565,16692,11109,258,1606
384,11109-1611242315-QF-1-16692-1611251140,Inbound,2016-11-24T23:15:00,2016-11-25T11:40:00,565,16692,11109,517,1606
385,11109-1611240005-EK-1-16692-1611250630,Inbound,2016-11-24T00:05:00,2016-11-25T06:30:00,1645,16692,11109,399,1035
386,11109-1611240005-EK-1-16692-1611250630,Inbound,2016-11-24T00:05:00,2016-11-25T06:30:00,1645,16692,11109,5002,1035
387,11109-1611240005-EK-2-16692-1611250900,Inbound,2016-11-24T00:05:00,2016-11-25T09:00:00,1795,16692,11109,399,1035
388,11109-1611240005-EK-2-16692-1611250900,Inbound,2016-11-24T00:05:00,2016-11-25T09:00:00,1795,16692,11109,418,1035
389,11109-1611240005-EK-2-16692-1611250900,Inbound,2016-11-24T00:05:00,2016-11-25T09:00:00,1795,16692,11109,418,1035
390,11109-1611241900-QR-1-16692-1611261900,Inbound,2016-11-24T19:00:00,2016-11-26T19:00:00,2700,16692,11109,963,1618
391,11109-1611241900-QR-1-16692-1611261900,Inbound,2016-11-24T19:00:00,2016-11-26T19:00:00,2700,16692,11109,908,1618
392,"11109-1611240050-GA,JL-1-16692-1611250715",Inbound,2016-11-24T00:50:00,2016-11-25T07:15:00,1645,16692,11109,880,1121
393,"11109-1611240050-GA,JL-1-16692-1611250715",Inbound,2016-11-24T00:50:00,2016-11-25T07:15:00,1645,16692,11109,771,1276
